model_type,ifa
CppCheck,4
CppCheck,10
CppCheck,0
CppCheck,0
CppCheck,0
CppCheck,6
CppCheck,0
CppCheck,7
CppCheck,33
CppCheck,27
CppCheck,30
CppCheck,3
CppCheck,0
CppCheck,6
CppCheck,14
CppCheck,8
CppCheck,4
CppCheck,2
CppCheck,9
CppCheck,20
CppCheck,9
CppCheck,29
CppCheck,4
CppCheck,0
CppCheck,0
CppCheck,27
CppCheck,22
CppCheck,0
CppCheck,0
CppCheck,4
CppCheck,132
CppCheck,0
CppCheck,0
CppCheck,15
CppCheck,8
CppCheck,6
CppCheck,12
CppCheck,4
CppCheck,0
CppCheck,0
CppCheck,29
CppCheck,0
CppCheck,4
CppCheck,0
CppCheck,0
CppCheck,0
CppCheck,0
CppCheck,34
CppCheck,0
CppCheck,3
CppCheck,13
CppCheck,11
CppCheck,0
CppCheck,1
CppCheck,0
CppCheck,485
CppCheck,3
CppCheck,20
CppCheck,0
CppCheck,1
CppCheck,4
CppCheck,17
CppCheck,14
CppCheck,19
CppCheck,16
CppCheck,12
CppCheck,14
CppCheck,10
CppCheck,5
CppCheck,6
CppCheck,6
CppCheck,0
CppCheck,22
CppCheck,3
CppCheck,2
CppCheck,11
CppCheck,23
CppCheck,6
CppCheck,28
CppCheck,4
CppCheck,5
CppCheck,7
CppCheck,10
CppCheck,21
CppCheck,0
CppCheck,1
CppCheck,16
CppCheck,5
CppCheck,0
CppCheck,17
CppCheck,45
CppCheck,0
CppCheck,0
CppCheck,25
CppCheck,7
CppCheck,5
CppCheck,22
CppCheck,2
CppCheck,0
CppCheck,1
CppCheck,25
CppCheck,3
CppCheck,6
CppCheck,0
CppCheck,0
CppCheck,0
CppCheck,26
CppCheck,0
CppCheck,25
CppCheck,0
CppCheck,47
CppCheck,0
CppCheck,4
CppCheck,6
CppCheck,1293
CppCheck,8
CppCheck,14
CppCheck,2
CppCheck,0
CppCheck,0
CppCheck,7
CppCheck,0
CppCheck,32
CppCheck,0
CppCheck,1
CppCheck,1
CppCheck,1
CppCheck,55
CppCheck,3
CppCheck,4
CppCheck,0
CppCheck,1
CppCheck,12
CppCheck,0
CppCheck,0
CppCheck,20
CppCheck,0
CppCheck,0
CppCheck,0
CppCheck,0
CppCheck,1
CppCheck,0
